Identificador,Nombre,Fecha matrícula,Vigencia en meses,Tipo de organización,Fecha de inicio de actividad,Cantidad de asistentes,Cantidad de responsables,Poblacion asistida,Comidas ofrecidas,Fecha de registro,Tipo de georreferenciación,Latitud,Longitud,Municipio,Localidad,Calle,Altura,Entre calle 2,Entre calle 2.1,Código de provincia,Nombre de provincia,Código de departamento,Nombre de departamento,Código de radio
857,Centro Educativo San Leonardo,,,Merendero,2001-03-05,50,2,Niñas y Niños,Merienda,2020-12-21 17:54:46,2,-32.8873225,-68.6983339,,GUAYMALLEN,calle 2 de mayo,7914,Severo del Castillo,Tabanera,50,Mendoza,50028,Guaymallén,500280516
1197,Jardin maternal tio ignacio jp015,,,Comedor,2001-02-01,148,4,Niñas y Niños,"Desayuno, Almuerzo, Merienda",2020-12-27 18:47:17,2,-32.8741687,-68.8489523,,EL RESGUARDO,jorge nuwery,200,b30/,b09/,50,Mendoza,50007,Capital,500070606
424,Comedoe Solidario La Bancaria,,,Comedor,2011-07-05,120,2,"Niñas y Niños, Adultos Mayores",Almuerzo,2020-08-18 13:05:48,1,-32.8874521,-68.84260526,Capital,2A. SECCION,PATRICIAS MENDOCINAS,1323,GRL GUTIERREZ,NECOCHEA,50,Mendoza,50007,Capital,500070116
2727,Comedor Merendero Arcoiris,,,Comedor,2008-08-08,125,3,Niñas y Niños,"Almuerzo, Merienda",2020-09-24 17:44:07,5,-32.89328224,-68.9139949,Capital,11A. SECCION,Jorge Luis Borges,23,Cassona,jorge Conte,50,Mendoza,50007,Capital,500071307
3341,Escuela de Fútbol Infantil Deportivo Rafa,,,Merendero,2018-01-31,80,3,Niñas y Niños,Merienda,2020-09-24 17:56:41,5,-32.88699159,-68.91490748,Capital,11A. SECCION,PUERTO ARGENTINO,2756,1 DE MAYO,20 DE JUNIO,50,Mendoza,50007,Capital,500071301
2240,Fuerza y Esperanza,,,Comedor,2018-06-01,100,5,"Niñas y Niños, Adultos","Almuerzo, Merienda",2021-05-17 22:04:53,6,-32.89309092,-68.91048896,Capital,CIUDAD DE SAN MARTIN,barrio sierras altas mza c casa 14,mza c casa 14,casa 15,casa 13,50,Mendoza,50007,Capital,500071307
2050,Hálito de Vida,,,Comedor,2015-12-10,300,5,"Niñas y Niños, Adultos, Adultos Mayores","Desayuno, Almuerzo",2020-09-01 23:33:54,6,-32.88802,-68.90979,Capital,11A. SECCION,9 DE JULIO (BO FAVORITA),5,PJE 1,DEMOCRACIA,50,Mendoza,50007,Capital,500071305
2360,Luz del Mundo I,,,Merendero,2019-01-20,70,1,Niñas y Niños,Merienda,2020-09-23 23:05:58,5,-32.88765926,-68.91108293,Capital,11A. SECCION,CALLE ALIAR,33,LIBERTAD,Pablo Neruda,50,Mendoza,50007,Capital,500071302
320,Merendero 31 de Mayo,,,Merendero,2019-12-01,60,1,Niñas y Niños,"Desayuno, Merienda",2020-09-22 16:15:37,1,-32.87227772,-68.84575217,Capital,11A. SECCION,JOSE HERNANDEZ,8,MARTIN FIERRO,sin nombre,50,Mendoza,50007,Capital,500071113
814,Nuestra Escuela,,,Comedor,2002-02-01,81,2,"Niñas y Niños, Adultos, Adultos Mayores","Almuerzo, Merienda",2020-09-01 15:23:46,2,-32.8875628,-68.8379201,Capital,3A. SECCION,BUENOS AIRES,27,AV GRL SAN MARTIN,SAN JUAN,50,Mendoza,50007,Capital,500070307
231,Paladar,,,Comedor,2021-09-20,2,2,"Adolescentes (13 a 17 años), Niñas y Niños, Adultos Mayores",Almuerzo,2021-09-20 22:17:53,1,-32.86959261,-68.86922417,Capital,6A. SECCION,EL JUNCAL,2698,EL NEVADO,LOS LAURELES,50,Mendoza,50007,Capital,500071010
2372,RINCON DE LOS NIÑOS,,,Comedor,2013-09-13,250,5,"Niñas y Niños, Adultos, Adultos Mayores","Almuerzo, Merienda",2021-08-10 17:01:09,6,-32.87446581,-68.87211439,Capital,7A. SECCION,CALLE PRINCIPAL (BO OLIVARES),Casa 27,Sin datos,Sin datos,50,Mendoza,50007,Capital,500071015
714,,,,Merendero,2011-06-12,450,3,"Niñas y Niños, Adultos","Desayuno, Almuerzo, Merienda",2020-08-22 19:36:02,2,-34.977613,-67.688483,General Alvear,GENERAL ALVEAR,AV M T DE ALVEAR ESTE,58,AV LIBERTADOR NORTE,BUENOS AIRES,50,Mendoza,50014,General Alvear,500140713
3474,,,,Comedor,2011-09-20,200,5,"Niñas y Niños, Adultos, Adultos Mayores","Almuerzo, Merienda, Cena",2020-07-24 00:46:54,6,-34.98724,-67.69207,General Alvear,GENERAL ALVEAR,SAN JUAN,5,ESTANISLAO SALAS,MARTIN DE IRIGOYEN,50,Mendoza,50014,General Alvear,500140607
149,El Tanquecito,,,Merendero,2017-08-13,40,3,Niñas y Niños,Merienda,2020-08-01 20:34:13,1,-34.961269,-67.65594232,General Alvear,BOWEN,Calle E,,Calle 23,Calle 25,50,Mendoza,50014,General Alvear,500140502
2128,Merendero Circunvalación,,,Comedor,2012-08-12,450,5,"Niñas y Niños, Adultos, Adultos Mayores","Almuerzo, Merienda",2020-07-23 12:56:35,6,-34.97013509,-67.68075468,General Alvear,GENERAL ALVEAR,AV CIRCUNVALACION,660,CHACABUCO,ALPATACAL,50,Mendoza,50014,General Alvear,500140703
1649,Mujeres manos a la obra,,,Comedor,2011-09-20,180,3,"Niñas y Niños, Adultos Mayores","Almuerzo, Merienda",2020-08-31 22:48:34,2,-34.9701019,-67.7085376,General Alvear,GENERAL ALVEAR,SGTO 1RO MEDINA,1000,MARTIN DE IRIGOYEN,SAN JUAN,50,Mendoza,50014,General Alvear,500140716
362,AAFME San fracisco de Asís,2022-06-23 16:51:20,0.0,Comedor,1992-06-11,220,5,"Niñas y Niños, Adultos, Adultos Mayores","Desayuno, Almuerzo, Merienda",2020-08-21 00:25:51,1,-32.92683136,-68.86764734,Godoy Cruz,VILLA MARINI,LOS JACARANDA,207,SALTA,CAROLA LORENZINI,50,Mendoza,50021,Godoy Cruz,500210401
1988,CAE- Jorge Contreras,,,Comedor,2012-09-01,100,5,"Niñas y Niños, Adultos, Adultos Mayores","Desayuno, Almuerzo, Merienda",2020-09-01 21:39:48,4,-32.9602981,-68.829772,Godoy Cruz,LAS TORTUGAS,Terrada,10,Juan B. Justo,PUERTO BAHIA BLANCA,50,Mendoza,50070,Maipú,500701001
528,CENTRO DE APOYO  EDUCATIVO (CAE)  COMPAÑÍA DE MARÍA,,,Merendero,1993-10-01,190,3,"Niñas y Niños, Adultos","Desayuno, Merienda",2020-09-07 23:19:54,1,-32.95550909,-68.8313591,Godoy Cruz,LAS TORTUGAS,VELEZ SARFIELD,2521,BAHIA USHUAIA,BAHIA DEL BUEN SUCESO,50,Mendoza,50021,Godoy Cruz,500211606
821,"Centro de Jubilados "" El Trebol """,,,Comedor,1988-03-29,80,1,"Niñas y Niños, Adultos","Desayuno, Almuerzo, Merienda",2020-09-02 23:19:16,2,-32.9501088,-68.8255852,Godoy Cruz,LAS TORTUGAS,Cabo San Antonio,2075,VELEZ SARFIELD,cabo San Pío,50,Mendoza,50021,Godoy Cruz,500211601
349,COMEDOR ALEGRÍA,,,Comedor,1997-10-01,160,5,"Niñas y Niños, Adultos, Adultos Mayores","Almuerzo, Merienda",2020-10-14 23:14:06,1,-32.90584132,-68.87440778,Godoy Cruz,VILLA HIPODROMO,LAUTARO,2470,AV LAS TIPAS,MONTES DE OCA,50,Mendoza,50021,Godoy Cruz,500210206
637,EL RINCONCITO DE AVOME,,,Merendero,1995-09-25,51,2,Niñas y Niños,Desayuno,2020-08-26 13:44:59,2,-32.9158718,-68.8653113,Godoy Cruz,VILLA HIPODROMO,ARMANI,1800,CORREDOR DEL OESTE,MONTES DE OCA,50,Mendoza,50021,Godoy Cruz,500210214
1294,Virgen del Valle,,,Comedor,1983-07-11,200,3,"Niñas y Niños, Adultos, Adultos Mayores",Almuerzo,2020-09-01 22:45:24,2,-32.9030631,-68.8752322,Godoy Cruz,VILLA HIPODROMO,LOPE DE VEGA,2187,TALCAHUANO,CHACO,50,Mendoza,50021,Godoy Cruz,500210201
580,Asociación comunitaria santa Elvira,,,Comedor,2000-01-03,165,5,"Niñas y Niños, Adultos, Adultos Mayores","Desayuno, Almuerzo, Merienda",2020-09-11 01:11:37,2,-32.9016143,-68.8137959,Guaymallén,LAS CAÑAS,Adolfo calle,2008,Almagro,CANADITA ALEGRE,50,Mendoza,50028,Guaymallén,500280806
2827,Brazos de vida,,,Comedor,2010-09-01,200,5,"Niñas y Niños, Adultos, Adultos Mayores","Almuerzo, Merienda",2020-08-17 13:50:19,6,-32.89739051,-68.75436114,Guaymallén,BUENA NUEVA,LOS LAGARES,65,LOS RACIMOS,LA VENDIMIA,50,Mendoza,50028,Guaymallén,500281907
285,Hermanas Murialdinas de San José,,,Comedor,1997-10-01,190,5,Niñas y Niños,"Desayuno, Almuerzo",2020-08-27 14:44:01,1,-32.89341272,-68.77183481,Guaymallén,VILLA NUEVA,GRL J A ROCA,5338,DR ARAOZ ALFARO,MOCTEZUMA,50,Mendoza,50028,Guaymallén,500281902
1874,Hogar de Belén,,,Comedor,2012-09-11,208,5,"Niñas y Niños, Adultos Mayores",Almuerzo,2020-12-15 19:15:37,4,-32.9028073,-68.7648944,Guaymallén,GUAYMALLEN,FERNANDO FADER,,CHILE,E ECHEVERRIA,50,Mendoza,50028,Guaymallén,500281207
964,HOGARCITO DE BELÉN,,,Comedor,2012-02-12,70,5,Niñas y Niños,"Desayuno, Almuerzo, Merienda",2020-09-01 01:18:20,2,-32.9050331,-68.766538,Guaymallén,CAPILLA DEL ROSARIO,COPIAPO,2379,CHILE,E ECHEVERRIA,50,Mendoza,50028,Guaymallén,500281215
1152,Arco iris,,,Comedor,2019-09-08,30,4,"Niñas y Niños, Adultos",Almuerzo,2021-10-08 22:42:39,2,-32.8969644,-68.8103289,Las Heras,PANQUEHUA,HILARIO CUADROS,MD C20,HILARIO CUADROS,9 DE JULIO,50,Mendoza,50028,Guaymallén,500280801
185,Asociación Vida Infantil,,,Comedor,1997-10-04,273,5,Niñas y Niños,"Desayuno, Almuerzo, Merienda",2020-12-21 22:54:13,1,-32.82685108,-68.81819899,Las Heras,EL RESGUARDO,CICHITTI,3657,D MATHIEU,ALFREDO BUFANO,50,Mendoza,50049,Las Heras,500490217
1369,CASITA FELIZ,,,Comedor,2017-09-08,30,4,"Niñas y Niños, Adultos",Almuerzo,2021-10-08 23:44:31,2,-32.8226654,-68.8209491,Las Heras,EL RESGUARDO,MEXICO,902,LUMIERE,PJE SIN NOMBRE,50,Mendoza,50049,Las Heras,500490208
1328,Comunidad Unida,,,Comedor,2001-09-03,260,5,"Niñas y Niños, Adultos","Desayuno, Almuerzo",2020-09-05 14:26:23,2,-32.8051197,-68.8247177,Las Heras,EL RESGUARDO,Madame Curie,6716,BRASIL,Entre Rios,50,Mendoza,50049,Las Heras,500490204
446,JARDIN MATERNAL Y C.A.E MANASLUJP-112 MANASLU,,,Comedor,1998-08-01,1000,5,"Niñas y Niños, Adultos Mayores","Desayuno, Almuerzo",2020-08-25 23:03:07,1,-32.84794018,-68.8472238,Las Heras,EL BORBOLLON,PJE SIN NOMBRE,0,PJE SIN NOMBRE,PJE SIN NOMBRE,50,Mendoza,50049,Las Heras,500491205
110,Merendero Isabel,,,Comedor,2012-01-15,255,5,"Niñas y Niños, Adultos Mayores","Desayuno, Almuerzo",2020-08-25 17:51:56,1,-32.8362513,-68.819745,Las Heras,EL PLUMERILLO,AZCUENAGA,1420,SAN LORENZO,NECOCHEA,50,Mendoza,50049,Las Heras,500490816
409,Mis tortuguitas,,,Merendero,2021-07-01,30,3,Niñas y Niños,"Almuerzo, Merienda",2021-07-04 18:33:01,1,-32.8196081,-68.82343911,Las Heras,EL RESGUARDO,NICOLAS GODOY,4902,olascoaga y lagomaggiore,México y nicolas Godoy,50,Mendoza,50049,Las Heras,500490207
1408,Niños Fuertes,,,Merendero,2018-01-10,3,2,Niñas y Niños,Merienda,2020-08-02 21:46:35,2,-32.8381244,-68.8384243,Las Heras,EL RESGUARDO,NICOLAS GODOY,4992,RAFAEL OBLIGADO,GALIGNIANA,50,Mendoza,50049,Las Heras,500490706
1980,Nuestra Señora de la Misericordia,,,Comedor,2006-01-15,290,4,"Niñas y Niños, Adultos, Adultos Mayores",Almuerzo,2020-12-17 17:43:06,4,-32.7819841,-68.7503521,Las Heras,EL BORBOLLON,San Ramon,lote 7,RUTA NAC 40,San Ramon,50,Mendoza,50049,Las Heras,500490313
1837,Rayito de sol2,,,Comedor,2018-05-08,30,5,"Niñas y Niños, Adultos",Almuerzo,2021-10-08 21:35:05,4,-32.8241562,-68.8313831,Las Heras,EL PLUMERILLO,Callejon moyano,MC C11,AV GRL SAN MARTIN,la madrid,50,Mendoza,50049,Las Heras,500490219
464,Rayo de Luz,,,Merendero,2018-02-02,30,2,"Niñas y Niños, Adultos Mayores","Desayuno, Merienda",2020-09-23 16:41:30,1,-32.82002725,-68.82153335,Las Heras,EL RESGUARDO,Rafael Obligado,785,LUMIERE,JUAN G GODOY,50,Mendoza,50049,Las Heras,500490207
1371,Vínculos Estratégicos,,,Comedor,2021-09-02,144,3,Niñas y Niños,"Desayuno, Almuerzo, Merienda",2021-09-03 02:39:33,2,-32.8327592,-68.7678062,Las Heras,EL CHALLAO,MIGUEL CANE,5196,PASO HONDO,HUNGRIA,50,Mendoza,50049,Las Heras,500490317
1522,ACANyA,,,Merendero,1997-10-30,70,3,"Niñas y Niños, Adultos, Adultos Mayores","Desayuno, Almuerzo",2020-12-18 16:58:45,2,-33.0366827,-68.8886238,Luján de Cuyo,LUJAN DE CUYO,PRES ROQUE SAENZ PENA,692,FEDERICO SERPA,GRL ALVEAR,50,Mendoza,50063,Luján de Cuyo,500631010
265,Espacio Socio Educativo - Caritas,,,Merendero,2000-03-01,150,3,Niñas y Niños,Merienda,2020-08-31 22:52:08,1,-33.03884165,-68.87892927,Luján de Cuyo,LUJAN DE CUYO,FRAY JUSTO STA MARIA DE ORO,298,ANTONIO BALCARCE,20 DE SETIEMBRE,50,Mendoza,50063,Luján de Cuyo,500630215
425,Santa María Goretti,,,Comedor,2020-03-03,4,2,"Niñas y Niños, Adultos Mayores","Almuerzo, Merienda",2020-12-11 15:51:34,1,-33.02314403,-68.87657086,Luján de Cuyo,MAYOR DRUMMOND,PATRICIOS,1673,PATRICIOS,PARANA,50,Mendoza,50063,Luján de Cuyo,500630910
3168,Jardín Maternal Feliz Belén.,,,Comedor,1993-10-04,304,5,"Niñas y Niños, Adultos Mayores","Desayuno, Almuerzo",2020-09-08 23:31:51,6,-32.97675,-68.69927,Maipú,RODEO DEL MEDIO,Necochea,10,Pública,RUTA PCIAL 50,50,Mendoza,50070,Maipú,500700110
475,La Casita del Limon,,,Merendero,1999-08-01,150,3,Niñas y Niños,"Desayuno, Almuerzo, Merienda",2020-08-11 22:12:51,1,-32.96828159,-68.77794577,Maipú,MAIPU,RIO MENDOZA,00,RIO MENDOZA,RIO DIAMANTE,50,Mendoza,50070,Maipú,500700903
1969,LA CASITA DEL LIMON,,,Merendero,1999-08-01,150,3,"Adolescentes (13 a 17 años), Niñas y Niños","Desayuno, Almuerzo, Merienda",2022-05-13 15:30:12,4,-32.9694042,-68.7780918,Maipú,GENERAL GUTIERREZ,RIO MENDOZA,,RIO DIAMANTE,RIO SALADO,50,Mendoza,50070,Maipú,500700903
3374,Merendero Selva,,,Merendero,2003-03-03,120,2,Niñas y Niños,Merienda,2021-01-04 07:07:30,5,-32.97028,-68.77544,Maipú,MAIPU,RIO DESAGUADERO,s/n,Rio Colorado,RIO DESAGUADERO,50,Mendoza,50070,Maipú,500700903
495,oratorio san jose,,,Merendero,2000-03-01,60,3,"Niñas y Niños, Adultos Mayores",Merienda,2020-08-29 15:46:12,1,-32.95666058,-68.77950961,Maipú,GENERAL GUTIERREZ,SAN LORENZO,172,carril gomez,D BOEDO,50,Mendoza,50070,Maipú,500700513
2363,Brazos abiertos,,,Merendero,2020-05-08,100,1,"Niñas y Niños, Adultos, Adultos Mayores",Merienda,2021-02-24 02:45:39,5,-33.78552642,-69.06653186,San Carlos,EUGENIO BUSTOS,calle el indio,0,san martin,sin nombre,50,Mendoza,50091,San Carlos,500910205
2568,Creciendo Juntxs,,,Merendero,2020-10-08,30,3,Niñas y Niños,Merienda,2020-10-10 01:22:15,6,-33.95092455,-69.07960507,San Carlos,PAREDITAS,El paramillo,111,Ruta 40,Ruta 101,50,Mendoza,50091,San Carlos,500910304
1839,Esperanza,,,Merendero,2020-10-05,30,2,Niñas y Niños,Merienda,2020-10-02 16:32:43,4,-33.7784667,-69.0373685,San Carlos,SAN CARLOS,Carril casas viejas,S/n,Bernardo Quiroga,Lencianas,50,Mendoza,50091,San Carlos,500910207
2560,Punto Solidario El Indio,,,Merendero,2020-05-01,150,3,"Niñas y Niños, Adultos Mayores",Merienda,2020-08-22 20:29:05,5,-33.78552642,-69.06653186,San Carlos,EUGENIO BUSTOS,el indio,0,san martin,duma,50,Mendoza,50091,San Carlos,500910205
945,Sonrisas de esperanza,,,Merendero,2021-11-01,35,2,Niñas y Niños,Merienda,2021-10-13 14:52:59,2,-33.7315602,-69.118151,San Carlos,LA CONSULTA,ciro guiñazu,67,san martín,sixto videla,50,Mendoza,50091,San Carlos,500910106
1614,Tañi Mapu,,,Merendero,2020-05-01,90,3,"Niñas y Niños, Adultos, Adultos Mayores",Merienda,2021-02-22 19:30:32,2,-33.7770372,-69.0403611,San Carlos,PAREDITAS,san martin,704,maestri,calle villegas,50,Mendoza,50091,San Carlos,500910206
2554,Virgen de Guadalupe,,,Merendero,2021-06-03,100,2,"Jóvenes (18 a 29 años) , Adolescentes (13 a 17 años), Niñas y Niños, Adultos, Adultos Mayores",Merienda,2021-09-04 03:28:39,5,-33.94710791,-69.07790835,San Carlos,PAREDITAS,el campo,00,ruta nacional 143,villegas,50,Mendoza,50091,San Carlos,500910304
1681,KEVIN,,,Merendero,2016-06-10,250,3,"Niñas y Niños, Adultos, Adultos Mayores",Merienda,2021-05-20 03:28:48,2,-34.6065618,-68.3229073,San Rafael,SAN RAFAEL,TELLES MENESES,153,BERNARDO DE IRIGOYEN,LEANDRO N ALEM,50,Mendoza,50105,San Rafael,501050408
1042,Pantalón Cortito,,,Merendero,2020-08-01,60,2,"Adolescentes (13 a 17 años), Niñas y Niños",Merienda,2021-11-11 00:47:46,2,-34.6208564,-68.3911804,San Rafael,SAN RAFAEL,El Toledano,3200,Constanzo,Muñoz,50,Mendoza,50105,San Rafael,501050107
2572,Papá Francisco,,,Merendero,2020-04-02,40,3,Niñas y Niños,Merienda,2021-05-20 01:42:31,3,-34.5721694,-68.3669778,San Rafael,SAN RAFAEL,El Toledano,5900,Muñoz,SAN FRANCISCO,50,Mendoza,50105,San Rafael,501050112
1682,Ramona,,,Comedor,2020-04-07,15,5,"Niñas y Niños, Adultos, Adultos Mayores",Almuerzo,2020-08-10 22:07:57,2,-34.6065618,-68.3229073,San Rafael,SAN RAFAEL,TELLES MENESES,153,LEANDRO N ALEM,BERNARDO DE IRIGOYEN,50,Mendoza,50105,San Rafael,501050408
1680,RAMONA,,,Comedor,2020-04-07,315,5,"Niñas y Niños, Adultos, Adultos Mayores",Almuerzo,2021-05-20 03:21:42,2,-34.6065618,-68.3229073,San Rafael,SAN RAFAEL,TELLES MENESES,153,BERNARDO DE IRIGOYEN,LEANDRO N ALEM,50,Mendoza,50105,San Rafael,501050408
3049,BICHITOS VERDES,,,Merendero,2017-06-05,36,3,Niñas y Niños,Merienda,2020-09-23 03:07:44,6,-33.61708006,-69.10801083,Tunuyán,COLONIA LAS ROSAS,MF,C16,SAN MARTIN,RUTA PCIAL 92,50,Mendoza,50119,Tunuyán,501190401
1455,CARIÑOSITOS,,,Merendero,2016-08-16,40,3,Niñas y Niños,Merienda,2020-09-22 16:01:46,2,-33.5876776,-69.0326224,Tunuyán,TUNUYAN,PATRICIAS MENDOCINAS,54,SAN LORENZO,ARMADA ARGENTINA,50,Mendoza,50119,Tunuyán,501190308
3785,CARITAS DULCES,,,Merendero,2019-09-15,25,2,Niñas y Niños,Merienda,2020-09-23 19:35:24,5,-33.59402,-69.17566,Tunuyán,TUNUYAN,MANUEL GARCIA,247,MANUEL GARCIA,ROQUE DOMINGUEZ,50,Mendoza,50119,Tunuyán,501190204
1323,Compartiendo Amor,,,Merendero,2021-05-12,17,2,Niñas y Niños,Merienda,2021-09-21 13:56:22,2,-33.5819108,-69.0216608,Tunuyán,TUNUYAN,M BELGRANO,427,AV GUISASOLA,GODOY CRUZ,50,Mendoza,50119,Tunuyán,501190305
1613,LA PRIMAVERA. BICHOS VERDES,,,Merendero,2021-04-30,10,1,Niñas y Niños,Merienda,2021-09-21 13:04:19,2,-33.5901499,-69.0159649,Tunuyán,LA PRIMAVERA,SAN MARTIN,010,LA PRIMAVERA,COLONIA,50,Mendoza,50119,Tunuyán,501190310
2125,LOS TOBYS,,,Merendero,2018-11-19,50,2,Niñas y Niños,Merienda,2020-09-23 05:35:31,5,-33.5777394,-69.02247619,Tunuyán,TUNUYAN,AV CARLOS PELLEGRINI,00,25 DE NOVIEMBRE,GUISASOLA,50,Mendoza,50119,Tunuyán,501190304
1346,MOVIMIENTO EVITA,,,Merendero,2018-03-19,30,3,Niñas y Niños,Merienda,2020-09-23 01:41:58,2,-33.5798771,-69.0196945,Tunuyán,TUNUYAN,MARIANO MORENO,272,GODOY CRUZ,ROQUE SAENZ PENA,50,Mendoza,50119,Tunuyán,501190304
1232,PEQUEÑOS GIGANTES,,,Merendero,2018-03-20,46,2,Niñas y Niños,Merienda,2020-09-23 19:18:28,2,-33.5634154,-69.0139897,Tunuyán,TUNUYAN,JUAN LOPEZ GARCÖA,292,MANUEL GARCIA,CALLEJON DEL TIRO,50,Mendoza,50119,Tunuyán,501190601
1975,Por una sonrisa,,,Merendero,2021-06-30,29,3,Niñas y Niños,Merienda,2021-09-21 14:29:07,4,-33.583785,-69.0533082,Tunuyán,TUNUYAN,RUTA PCIAL 92,Km 3,Reina,RUANO,50,Mendoza,50119,Tunuyán,501190311
3538,RINCON DE LOS NIÑOS,,,Merendero,2017-05-15,30,2,Niñas y Niños,Merienda,2020-09-23 04:07:42,5,-33.60771,-69.10547,Tunuyán,COLONIA LAS ROSAS,TABANERA,1,RUTA PCIAL 92,TABANERA,50,Mendoza,50119,Tunuyán,501190409
562,Sueños Cumplidos,,,Merendero,2012-02-12,79,1,Niñas y Niños,Merienda,2020-08-12 13:24:01,2,-33.5824617,-69.0254193,Tunuyán,TUNUYAN,25 DE NOVIEMBRE,750,BARTOLOME MITRE,CORNELIO SAAVEDRA,50,Mendoza,50119,Tunuyán,501190301
2520,TIA PETY,,,Merendero,2017-06-26,30,2,Niñas y Niños,Merienda,2020-09-24 19:16:59,5,-33.60435665,-69.0984168,Tunuyán,COLONIA LAS ROSAS,DELADO,1,DELGADO,CARLOS VERA,50,Mendoza,50119,Tunuyán,501190401
3537,VATICANO- BICHITOS VERDES,,,Merendero,2021-01-10,10,1,Niñas y Niños,Merienda,2021-09-21 13:40:07,6,-33.60346,-69.11881,Tunuyán,COLONIA LAS ROSAS,TABANERA,,BASCUÑAN,TABANERA,50,Mendoza,50119,Tunuyán,501190409
